<?xml version="1.0" encoding="ISO-8859-1" ?>
<installscript>
 <info>
  <name>gamerStatus</name>
  <author>mistag</author>
  <version>1.0.0.4</version>
  <type>Plugin</type>
 </info>

 <packageinfo>
  <title>Plugin DLL</title>
  <file>gamerStatus.dll</file>
 </packageinfo>

 <packageinfo>
  <title>Readme and translation</title>
  <file>readme_gamerstatus.txt</file>
  <file>translation_gamerstatus.txt</file>
  <optional/>
 </packageinfo>

 <autorun>
  <file>readme_gamerstatus.txt</file>
  <document/>
 </autorun>
</installscript>